Workbook

Sheet ALLERGY DATA_EU
A3: PRESENCE OF POTENTIAL FRAGRANCE
A4: ALLERGENS (83 SCCNFP INGREDIENT)
A8: Vendor: | B8: AROMAJUNE | C8: Application:
A9: Customer Name: | B9: KOLMAR | C9: Usage Level: | E9: 0.0001
A10: Fragrance Name: | B10: TULIP LOVE AU | C10: Date: | E10: 46035
A11: Leave on or Rinse Off:
A13: INGREDIENTS | B13: CAS # | C13: Total in Fragrance Oil(%) | D13: Total Contribution from fragrance oil for product | E13: 표기여부 (Leave on) | F13: 표기여부 (Rinse off)
E14: 1e-05 | F14: 0.0001
A15: 3-PROPYLIDENEPHTHALIDE | B15: 17369-59-4 | C15: =VLOOKUP(B15, Sheet2!B:C, 2, FALSE) -> 0 | D15: =IF($E$9<>"",IF(C15>0,$E$9*C15*0.01,""),"") | E15: =IF($D15<>"",IF($D15>E$14,"O","X"),"") | F15: =IF($D15<>"",IF($D15>F$14,"O","X"),"")
A16: 6-METHYL COUMARIN | B16: 92-48-8 | C16: =VLOOKUP(B16, Sheet2!B:C, 2, FALSE) -> 0 | D16: =IF($E$9<>"",IF(C16>0,$E$9*C16*0.01,""),"") | E16: =IF($D16<>"",IF($D16>E$14,"O","X"),"") | F16: =IF($D16<>"",IF($D16>F$14,"O","X"),"")
A17: ACETYL CEDRENE | B17: 32388-55-9 | C17: =VLOOKUP(B17, Sheet2!B:C, 2, FALSE) -> 0 | D17: =IF($E$9<>"",IF(C17>0,$E$9*C17*0.01,""),"") | E17: =IF($D17<>"",IF($D17>E$14,"O","X"),"") | F17: =IF($D17<>"",IF($D17>F$14,"O","X"),"")
A18: ALPHA-ISOMETHYL IONONE | B18: 127-51-5 | C18: =VLOOKUP(B18, Sheet2!B:C, 2, FALSE) -> 0 | D18: =IF($E$9<>"",IF(C18>0,$E$9*C18*0.01,""),"") | E18: =IF($D18<>"",IF($D18>E$14,"O","X"),"") | F18: =IF($D18<>"",IF($D18>F$14,"O","X"),"")
A19: ALPHA-TERPINENE | B19: 99-86-5 | C19: =VLOOKUP(B19, Sheet2!B:C, 2, FALSE) -> 0 | D19: =IF($E$9<>"",IF(C19>0,$E$9*C19*0.01,""),"") | E19: =IF($D19<>"",IF($D19>E$14,"O","X"),"") | F19: =IF($D19<>"",IF($D19>F$14,"O","X"),"")
A20: AMYL CINNAMAL | B20: 122-40-7 | C20: =VLOOKUP(B20, Sheet2!B:C, 2, FALSE) -> 0 | D20: =IF($E$9<>"",IF(C20>0,$E$9*C20*0.01,""),"") | E20: =IF($D20<>"",IF($D20>E$14,"O","X"),"") | F20: =IF($D20<>"",IF($D20>F$14,"O","X"),"")
A21: AMYL SALICYLATE | B21: 2050-08-0 | C21: =VLOOKUP(B21, Sheet2!B:C, 2, FALSE) -> 0 | D21: =IF($E$9<>"",IF(C21>0,$E$9*C21*0.01,""),"") | E21: =IF($D21<>"",IF($D21>E$14,"O","X"),"") | F21: =IF($D21<>"",IF($D21>F$14,"O","X"),"")
A22: AMYLCINNAMYL ALCOHOL | B22: 101-85-9 | C22: =VLOOKUP(B22, Sheet2!B:C, 2, FALSE) -> 0 | D22: =IF($E$9<>"",IF(C22>0,$E$9*C22*0.01,""),"") | E22: =IF($D22<>"",IF($D22>E$14,"O","X"),"") | F22: =IF($D22<>"",IF($D22>F$14,"O","X"),"")
A23: ANETHOLE | B23: 104-46-1 4180-23-8 | C23: =VLOOKUP(B23, Sheet2!B:C, 2, FALSE) -> 0 | D23: =IF($E$9<>"",IF(C23>0,$E$9*C23*0.01,""),"") | E23: =IF($D23<>"",IF($D23>E$14,"O","X"),"") | F23: =IF($D23<>"",IF($D23>F$14,"O","X"),"")
A24: ANISE ALCOHOL | B24: 105-13-5 | C24: =VLOOKUP(B24, Sheet2!B:C, 2, FALSE) -> 0 | D24: =IF($E$9<>"",IF(C24>0,$E$9*C24*0.01,""),"") | E24: =IF($D24<>"",IF($D24>E$14,"O","X"),"") | F24: =IF($D24<>"",IF($D24>F$14,"O","X"),"")
A25: BENZALDEHYDE | B25: 100-52-7 | C25: =VLOOKUP(B25, Sheet2!B:C, 2, FALSE) -> 0 | D25: =IF($E$9<>"",IF(C25>0,$E$9*C25*0.01,""),"") | E25: =IF($D25<>"",IF($D25>E$14,"O","X"),"") | F25: =IF($D25<>"",IF($D25>F$14,"O","X"),"")
A26: BENZYL ALCOHOL | B26: 100-51-6 | C26: =VLOOKUP(B26, Sheet2!B:C, 2, FALSE) -> 0 | D26: =IF($E$9<>"",IF(C26>0,$E$9*C26*0.01,""),"") | E26: =IF($D26<>"",IF($D26>E$14,"O","X"),"") | F26: =IF($D26<>"",IF($D26>F$14,"O","X"),"")
... A97: VANILLIN | B97: 121-33-5 | C97: =VLOOKUP(B97, Sheet2!B:C, 2, FALSE) -> 0 | D97: =IF($E$9<>"",IF(C97>0,$E$9*C97*0.01,""),"") | E97: =IF($D97<>"",IF($D97>E$14,"O","X"),"") | F97: =IF($D97<>"",IF($D97>F$14,"O","X"),"")
A98: Even if the content is indicated blank, small amounts of allergic substances may be detected from production by-products or impurities of the raw materials used.

Sheet Sheet2
A1: INGREDIENT NAME | B1: CAS # | C1: Total in Fragrance Oil(%) | D1: Total Contribution from fragrance oil for product | E1: Labeling Required for Leave on Threshold limit | F1: Labeling Required for Rinse off Threshold limit
E3: 1e-05 | F3: 0.0001
A4: 3-Propylidenephthalide | B4: 17369-59-4
A5: 6-Methyl Coumarin | B5: 92-48-8
A6: Acetyl Cedrene | B6: 32388-55-9
A7: Alpha-Isomethyl Ionone | B7: 127-51-5
A8: Alpha-Terpinene | B8: 99-86-5
A9: Amyl Cinnamal | B9: 122-40-7
A10: Amyl Cinnamyl Alcohol | B10: 101-85-9
A11: Amyl Salicylate | B11: 2050-08-0
A12: Anethole | B12: 104-46-1 4180-23-8
A13: Anisyl Alcohol | B13: 105-13-5
A14: Benzaldehyde | B14: 100-52-7
A15: Benzyl Alcohol | B15: 100-51-6
... A86: Vanillin | B86: 121-33-5
